id,slug,naziv,vrsta,religija,konfesija,oib,sjediste,broj_zupa,povrsina_km2,stanovnika_na_podrucju,broj_naselja,broj_crkava,slaganje_s_osm_posto,izvori
40,baha-i-zajednica-hrvatske,Bahá´í Zajednica Hrvatske,zajednica,,,77554738576,Zagreb,3,,,,,,"[""datagovhr:vjerske-zajednice""]"
7,biskupija-krk,Biskupija Krk,biskupija,christian,roman_catholic,73790034362,Krk,51,1113.0,41523,124,63,,"[""datagovhr:katolicke-pravne-osobe""]"
4,biskupija-porecka-i-pulska,Biskupija Porečka i Pulska,biskupija,christian,roman_catholic,27165523454,Poreč - Parenzo,134,2760.7,195212,635,401,,"[""datagovhr:katolicke-pravne-osobe""]"
8,bjelovarsko-krizevacka-biskupija,Bjelovarsko-križevačka Biskupija,biskupija,christian,roman_catholic,93797991785,Bjelovar,58,3297.7,153752,600,139,96.9,"[""datagovhr:katolicke-pravne-osobe""]"
63,budisticka-zajednica-dharmaloka,Budistička Zajednica Dharmaloka,zajednica,buddhist,buddhist,52740244682,Zagreb,1,,,,,,"[""datagovhr:vjerske-zajednice""]"
61,bugarska-pravoslavna-crkva-u-hrvatskoj,Bugarska Pravoslavna Crkva u Hrvatskoj,zajednica,christian,bulgarian_orthodox,13256372897,Zagreb,2,,,,,,"[""datagovhr:vjerske-zajednice""]"
37,bozja-u-republici-hrvatskoj,Crkva Božja u Republici Hrvatskoj,zajednica,christian,protestant,43426200854,Vinkovci,7,,,,,,"[""datagovhr:vjerske-zajednice""]"
57,cjelovitog-evandelja,Crkva Cjelovitog Evanđelja,zajednica,christian,protestant,39639860527,Zagreb,6,,,,,,"[""datagovhr:vjerske-zajednice""]"
26,kristovih-ucenika,Crkva Kristovih Učenika,zajednica,christian,protestant,68334196238,Tenja,0,,,,,,"[""datagovhr:vjerske-zajednice""]"
62,radosne-vijesti,Crkva Radosne Vijesti,zajednica,christian,protestant,50863272755,Zagreb,0,,,,,,"[""datagovhr:vjerske-zajednice""]"
32,crnogorska-pravoslavna-crkva-u-hrvatskoj,Crnogorska Pravoslavna Crkva u Hrvatskoj,zajednica,christian,orthodox,,Osijek,0,,,,,,"[""datagovhr:vjerske-zajednice""]"
15,dubrovacka-biskupija-dioecesis-ragusina,Dubrovačka Biskupija - Dioecesis Ragusina,biskupija,christian,roman_catholic,,,61,1362.9,84315,174,130,,"[""datagovhr:katolicke-pravne-osobe""]"
27,evangelicka-crkva-valdese,Evangelička Crkva Valdese,zajednica,christian,evangelical,89301687892,Opatija,0,,,,,,"[""datagovhr:vjerske-zajednice""]"
51,evangelicka-crkva-u-republici-hrvatskoj,Evangelička Crkva u Republici Hrvatskoj,zajednica,christian,evangelical,60434742308,Zagreb,21,,,,,,"[""datagovhr:vjerske-zajednice""]"
60,evangelicka-metodisticka-crkva-u-hrvatskoj,Evangelička Metodistička Crkva u Hrvatskoj,zajednica,christian,evangelical,64504437183,Zagreb,2,,,,,,"[""datagovhr:vjerske-zajednice""]"
18,evandeoska-pentekostna-crkva-u-republici-hrvatskoj,Evanđeoska (pentekostna) Crkva u Republici Hrvatskoj,zajednica,christian,pentecostal,42767923576,Zagreb,71,,,,,,"[""datagovhr:vjerske-zajednice""]"
49,evandeoski-krscani,Evanđeoski Kršćani,zajednica,christian,protestant,55881383434,Tenja,0,,,,,,"[""datagovhr:vjerske-zajednice""]"
5,gospicko-senjska-biskupija,Gospićko-senjska Biskupija,biskupija,christian,roman_catholic,78514984452,Gospić,85,8210.2,71261,501,162,,"[""datagovhr:katolicke-pravne-osobe""]"
28,hinduisticka-vjerska-zajednica-hrvatske,Hinduistička Vjerska Zajednica Hrvatske,zajednica,hindu,hindu,11003498038,Zagreb,0,,,,,,"[""datagovhr:vjerske-zajednice""]"
43,hrvatska-starokatolicka-crkva,Hrvatska Starokatolička Crkva,zajednica,christian,old_catholic,40998876180,Zagreb,2,,,,,,"[""datagovhr:vjerske-zajednice""]"
67,hrvatska-zajednica-crkve-isusa-krista-svetaca-posljednjih-dana,Hrvatska Zajednica Crkve Isusa Krista Svetaca Posljednjih Dana,zajednica,christian,protestant,85471722036,Zagreb,0,,,,,,"[""datagovhr:vjerske-zajednice""]"
13,hvarska-biskupija,Hvarska Biskupija,biskupija,christian,roman_catholic,22098012510,Hvar,46,806.7,27815,71,62,,"[""datagovhr:katolicke-pravne-osobe""]"
59,islamska-zajednica-u-hrvatskoj,Islamska Zajednica u Hrvatskoj,zajednica,muslim,sunni,38190246619,Zagreb,5,,,,,,"[""datagovhr:vjerske-zajednice""]"
41,jehovini-svjedoci-krscanska-vjerska-zajednica,Jehovini Svjedoci - Kršćanska Vjerska Zajednica,zajednica,christian,jehovahs_witness,41025385791,Zagreb,0,,,,,,"[""datagovhr:vjerske-zajednice""]"
70,katolicka-stara-crkva,Katolička Stara Crkva,zajednica,christian,protestant,88385037011,Zagreb,5,,,,,,"[""datagovhr:vjerske-zajednice""]"
30,koordinacija-zidovskih-opcina-u-republici-hrvatskoj,Koordinacija Židovskih Općina u Republici Hrvatskoj,zajednica,jewish,jewish,48684766248,Zagreb,0,,,,,,"[""datagovhr:vjerske-zajednice""]"
47,kristova-duhovna-crkva,Kristova Duhovna Crkva,zajednica,christian,pentecostal,44772456851,Zagreb,0,,,,,,"[""datagovhr:vjerske-zajednice""]"
66,kristova-duhovna-crkva-malokrstenih,"Kristova Duhovna Crkva ""malokrštenih""",zajednica,christian,pentecostal,04942895005,Zagreb,0,,,,,,"[""datagovhr:vjerske-zajednice""]"
19,kristove-crkve-u-hrvatskoj,Kristove Crkve u Hrvatskoj,zajednica,christian,protestant,39404217854,Zagreb,15,,,,,,"[""datagovhr:vjerske-zajednice""]"
16,krizevacka-eparhija,Križevačka Eparhija,biskupija,christian,roman_catholic,,,35,,,,,,"[""datagovhr:katolicke-pravne-osobe""]"
35,krscanska-adventisticka-crkva-u-republici-hrvatskoj,Kršćanska Adventistička Crkva u Republici Hrvatskoj,zajednica,christian,adventist,56794233417,Zagreb,106,,,,,,"[""datagovhr:vjerske-zajednice""]"
33,krscanska-nazarenska-vjerska-zajednica-hrvatske,Kršćanska Nazarenska Vjerska Zajednica Hrvatske,zajednica,,,44521307608,Kotlina,6,,,,,,"[""datagovhr:vjerske-zajednice""]"
31,krscanska-neopentekostalna-crkva-u-republici-hrvatskoj,Kršćanska Neopentekostalna Crkva u Republici Hrvatskoj,zajednica,christian,pentecostal,06229364734,Zagreb,0,,,,,,"[""datagovhr:vjerske-zajednice""]"
42,krscanska-prorocka-crkva-isus-je-kralj,"Kršćanska Proročka Crkva ""isus Je Kralj""",zajednica,christian,protestant,45691838035,Zagreb,0,,,,,,"[""datagovhr:vjerske-zajednice""]"
48,makedonska-pravoslavna-crkva-u-hrvatskoj,Makedonska Pravoslavna Crkva u Hrvatskoj,zajednica,christian,macedonian_orthodox,99789985342,Zagreb,4,,,,,,"[""datagovhr:vjerske-zajednice""]"
52,medunarodna-ujedinjena-pentekostna-crkva-u-republici-hrvatskoj,Međunarodna Ujedinjena Pentekostna Crkva u Republici Hrvatskoj,zajednica,christian,pentecostal,81887934384,Samobor,3,,,,,,"[""datagovhr:vjerske-zajednice""]"
65,medunarodno-drustvo-za-svjesnost-krisne-u-republici-hrvatskoj,Međunarodno Društvo za Svjesnost Krišne u Republici Hrvatskoj,zajednica,,,79899683872,Daruvar,9,,,,,,"[""datagovhr:vjerske-zajednice""]"
34,neovisna-baptisticka-crkva,Neovisna Baptistička Crkva,zajednica,christian,baptist,50533935245,Čakovec,4,,,,,,"[""datagovhr:vjerske-zajednice""]"
45,novoapostolska-crkva-u-republici-hrvatskoj,Novoapostolska Crkva u Republici Hrvatskoj,zajednica,christian,protestant,82826872147,Zagreb,0,,,,,,"[""datagovhr:vjerske-zajednice""]"
9,pozeska-biskupija,Požeška Biskupija,biskupija,christian,roman_catholic,16015698482,Požega,93,6791.3,234898,740,158,99.3,"[""datagovhr:katolicke-pravne-osobe""]"
50,protestantska-reformirana-krscanska-crkva-u-republici-hrvatskoj,Protestantska Reformirana Kršćanska Crkva u Republici Hrvatskoj,zajednica,christian,reformed,77569668069,Osijek,10,,,,,,"[""datagovhr:vjerske-zajednice""]"
17,reformatska-krscanska-crkva-madara-u-hrvatskoj,Reformatska Kršćanska Crkva Mađara u Hrvatskoj,zajednica,christian,reformed,50542093088,Kopačevo,29,,,,,,"[""datagovhr:vjerske-zajednice""]"
46,reformirana-krscanska-kalvinska-crkva-u-hrvatskoj,Reformirana Kršćanska Kalvinska Crkva u Hrvatskoj,zajednica,christian,reformed,68677215945,Lug,27,,,,,,"[""datagovhr:vjerske-zajednice""]"
39,reformni-pokret-adventista-sedmog-dana,Reformni Pokret Adventista Sedmog Dana,zajednica,christian,reformed,12980410812,Zagreb,0,,,,,,"[""datagovhr:vjerske-zajednice""]"
12,rijecka-nadbiskupija,Riječka Nadbiskupija,nadbiskupija,christian,roman_catholic,96409277324,Rijeka,90,2596.9,227036,394,260,,"[""datagovhr:katolicke-pravne-osobe""]"
36,savez-baptistickih-crkava-u-republici-hrvatskoj,Savez Baptističkih Crkava u Republici Hrvatskoj,zajednica,christian,baptist,31912992549,Zagreb,62,,,,,,"[""datagovhr:vjerske-zajednice""]"
55,savez-crkava-rijec-zivota,"Savez Crkava ""riječ Života""",zajednica,,,00166932403,Zagreb,13,,,,,,"[""datagovhr:vjerske-zajednice""]"
38,savez-kristovih-pentekostnih-crkava-u-republici-hrvatskoj,Savez Kristovih Pentekostnih Crkava u Republici Hrvatskoj,zajednica,christian,pentecostal,62918433776,Zagreb,9,,,,,,"[""datagovhr:vjerske-zajednice""]"
29,scijentoloska-crkva-u-hrvatskoj,Scijentološka Crkva u Hrvatskoj,zajednica,christian,protestant,59676711350,Orehovica,2,,,,,,"[""datagovhr:vjerske-zajednice""]"
14,sisacka-biskupija,Sisačka Biskupija,biskupija,christian,roman_catholic,30969048417,Sisak,65,5052.9,166135,601,144,,"[""datagovhr:katolicke-pravne-osobe""]"
44,slobodna-katolicka-crkva,Slobodna Katolička Crkva,zajednica,christian,protestant,09119143082,Zagreb,0,,,,,,"[""datagovhr:vjerske-zajednice""]"
6,splitsko-makarska-nadbiskupija,Splitsko-makarska Nadbiskupija,nadbiskupija,christian,roman_catholic,49607807960,Split,188,3618.8,419308,326,251,,"[""datagovhr:katolicke-pravne-osobe""]"
54,u-hrvatskoj,Srpska Pravoslavna Crkva u Hrvatskoj,zajednica,christian,serbian_orthodox,,Zagreb,434,,,,,,"[""datagovhr:vjerske-zajednice""]"
58,univerzalni-zivot,Univerzalni Život,zajednica,,,43497184465,Zagreb,0,,,,,,"[""datagovhr:vjerske-zajednice""]"
3,varazdinska-biskupija,Varaždinska Biskupija,biskupija,christian,roman_catholic,36594242059,Varaždin,105,3210.5,338109,542,292,,"[""datagovhr:katolicke-pravne-osobe""]"
11,zadarska-nadbiskupija,Zadarska Nadbiskupija,nadbiskupija,christian,roman_catholic,12406417624,Zadar,116,3040.5,158239,208,134,,"[""datagovhr:katolicke-pravne-osobe""]"
1,zagrebacka-nadbiskupija,Zagrebačka Nadbiskupija,nadbiskupija,christian,roman_catholic,86311439718,Zagreb,206,4595.6,1189160,1240,321,,"[""datagovhr:katolicke-pravne-osobe""]"
2,dakovacko-osjecka-nadbiskupija,Đakovačko-osječka Nadbiskupija,nadbiskupija,christian,roman_catholic,41044104941,Đakovo,153,6921.5,461720,372,243,98.7,"[""datagovhr:katolicke-pravne-osobe""]"
10,sibenska-biskupija,Šibenska Biskupija,biskupija,christian,roman_catholic,,Šibenik,74,3151.8,102899,231,116,,"[""datagovhr:katolicke-pravne-osobe""]"
69,zidovska-opcina-daruvar,Židovska Općina Daruvar,zajednica,jewish,jewish,49711144643,Daruvar,0,,,,,,"[""datagovhr:vjerske-zajednice""]"
24,zidovska-opcina-dubrovnik,Židovska Općina Dubrovnik,zajednica,jewish,jewish,75295583325,Dubrovnik,0,,,,,,"[""datagovhr:vjerske-zajednice""]"
21,zidovska-opcina-koprivnica,Židovska Općina Koprivnica,zajednica,jewish,jewish,47629881026,Koprivnica,0,,,,,,"[""datagovhr:vjerske-zajednice""]"
25,zidovska-opcina-osijek,Židovska Općina Osijek,zajednica,jewish,jewish,57398501222,Osijek,0,,,,,,"[""datagovhr:vjerske-zajednice""]"
20,zidovska-opcina-rijeka,Židovska Općina Rijeka,zajednica,jewish,jewish,03878761382,Rijeka,0,,,,,,"[""datagovhr:vjerske-zajednice""]"
68,zidovska-opcina-slavonski-brod,Židovska Općina Slavonski Brod,zajednica,jewish,jewish,52466204354,Slavonski Brod,0,,,,,,"[""datagovhr:vjerske-zajednice""]"
23,zidovska-opcina-split,Židovska Općina Split,zajednica,jewish,jewish,95875452278,Split,0,,,,,,"[""datagovhr:vjerske-zajednice""]"
53,zidovska-opcina-virovitica,Židovska Općina Virovitica,zajednica,jewish,jewish,21765938029,Virovitica,0,,,,,,"[""datagovhr:vjerske-zajednice""]"
22,zidovska-opcina-zagreb,Židovska Općina Zagreb,zajednica,jewish,jewish,79730915138,Zagreb,0,,,,,,"[""datagovhr:vjerske-zajednice""]"
64,zidovska-opcina-cakovec,Židovska Općina Čakovec,zajednica,jewish,jewish,17533748203,Čakovec,0,,,,,,"[""datagovhr:vjerske-zajednice""]"
56,zidovska-vjerska-zajednica-bet-israel-u-hrvatskoj,Židovska Vjerska Zajednica Bet Israel u Hrvatskoj,zajednica,jewish,jewish,21465128385,Zagreb,1,,,,,,"[""datagovhr:vjerske-zajednice""]"
